train_loss,train_f1,val_loss,val_f1,fold_duration_sec
0.9984197474361303,0.5631686926872839,0.48349060209086503,0.8092024274795462,2603.9956953525543
0.8448744218141677,0.6172078733349883,0.6124816828067919,0.7199650414462827,2603.9956953525543
0.7253889759983234,0.6786000836744612,0.5459917880130472,0.7529482895081477,2603.9956953525543
0.7206898312878133,0.6799558631969764,2.057786184771222,0.7372528958711712,2603.9956953525543
0.657082480938343,0.7086497584156597,2.1073815195220917,0.7438050342161885,2603.9956953525543
0.6662161829200418,0.7123542383533839,1.5725717637631818,0.8071888216071162,2603.9956953525543
